{
  "name": "frontend",
  "version": "0.1.0",
  "private": true,
  "dependencies": {
    "@material-ui/core": "^4.10.0",
    "@material-ui/icons": "^4.9.1",
    "@testing-library/jest-dom": "^4.2.4",
    "@testing-library/react": "^9.5.0",
    "@testing-library/user-event": "^7.2.1",
    "material-components-web": "^6.0.0",
    "muicss": "^0.10.2",
    "react": "^16.13.1",
    "react-dom": "^16.13.1",
    "react-router-dom": "^5.2.0",
    "react-scripts": "3.4.1"
  },
  "scripts": {
    "start": "react-scripts start",
    "build": "react-scripts build",
    "test": "react-scripts test",
    "eject": "react-scripts eject"
  },
  "proxy": {
    "/api": {
      "target": "http://localhost:8080",
      "ws": true
    }
  },
  "eslintConfig": {
    "extends": "react-app"
  },
  "browserslist": {
    "production": [
      ">0.2%",
      "not dead",
      "not op_mini all"
    ],
    "development": [
      "last 1 chrome version",
      "last 1 firefox version",
      "last 1 safari version"
    ]
  }
}
